{
  "recall@1": 0.14992721979621543,
  "recall@5": 0.28254892447032187,
  "recall@10": 0.35775513504771145
}