{
  "recall@1": 0.4556040756914119,
  "recall@5": 0.5934012615235322,
  "recall@10": 0.6338347080705159
}